,TeamID,SEASON,LeagueID,PLAYER,NUM,POSITION,HEIGHT,WEIGHT,BIRTH_DATE,AGE,EXP,SCHOOL,PLAYER_ID
0,1610612737,2018,00,Justin Anderson,1,G-F,6-6,230,"NOV 19, 1993",24.0,3,Virginia,1626147
1,1610612737,2018,00,Tyler Dorsey,2,G,6-5,183,"FEB 18, 1996",22.0,1,Oregon,1628416
2,1610612737,2018,00,Kevin Huerter,3,G,6-7,190,"AUG 27, 1998",20.0,R,Maryland,1628989
3,1610612737,2018,00,Daniel Hamilton,5,G-F,6-7,195,"AUG 08, 1995",23.0,1,Connecticut,1627772
4,1610612737,2018,00,Omari Spellman,6,F,6-9,245,"JUL 21, 1997",21.0,R,Villanova,1629016
5,1610612737,2018,00,Jeremy Lin,7,G,6-3,200,"AUG 23, 1988",30.0,8,Harvard,202391
6,1610612737,2018,00,Jaylen Adams,10,G,6-2,190,"MAY 04, 1996",22.0,R,St. Bonaventure,1629121
7,1610612737,2018,00,Trae Young,11,G,6-2,180,"SEP 19, 1998",20.0,R,Oklahoma,1629027
8,1610612737,2018,00,Taurean Prince,12,F,6-8,220,"MAR 22, 1994",24.0,2,Baylor,1627752
9,1610612737,2018,00,Dewayne Dedmon,14,C,7-0,245,"AUG 12, 1989",29.0,5,Southern California,203473
10,1610612737,2018,00,Vince Carter,15,F-G,6-6,220,"JAN 26, 1977",41.0,20,North Carolina,1713
11,1610612737,2018,00,Miles Plumlee,18,C,6-11,249,"SEP 01, 1988",30.0,6,Duke,203101
12,1610612737,2018,00,John Collins,20,F-C,6-10,235,"SEP 23, 1997",21.0,1,Wake Forest,1628381
13,1610612737,2018,00,Alex Poythress,22,F,6-9,235,"SEP 06, 1993",25.0,2,Kentucky,1627816
14,1610612737,2018,00,Kent Bazemore,24,G,6-5,201,"JUL 01, 1989",29.0,6,Old Dominion,203145
15,1610612737,2018,00,Alex Len,25,C,7-1,250,"JUN 16, 1993",25.0,5,Maryland,203458
16,1610612737,2018,00,DeAndre' Bembry,95,F,6-6,210,"JUL 04, 1994",24.0,2,Saint Joseph's,1627761
0,1610612738,2018,00,Jayson Tatum,0,F,6-8,208,"MAR 03, 1998",20.0,1,Duke,1628369
1,1610612738,2018,00,Jaylen Brown,7,G,6-7,220,"OCT 24, 1996",22.0,2,California,1627759
2,1610612738,2018,00,Brad Wanamaker,9,G,6-4,210,"JUL 25, 1989",29.0,R,Pittsburgh,202954
3,1610612738,2018,00,Kyrie Irving,11,G,6-3,193,"MAR 23, 1992",26.0,7,Duke,202681
4,1610612738,2018,00,Terry Rozier,12,G,6-1,190,"MAR 17, 1994",24.0,3,Louisville,1626179
5,1610612738,2018,00,Marcus Morris,13,F,6-9,235,"SEP 02, 1989",29.0,7,Kansas,202694
6,1610612738,2018,00,Gordon Hayward,20,F,6-8,225,"MAR 23, 1990",28.0,8,Butler,202330
7,1610612738,2018,00,Jabari Bird,26,G,6-6,198,"JUL 03, 1994",24.0,1,California,1628444
8,1610612738,2018,00,Daniel Theis,27,F,6-8,243,"APR 04, 1992",26.0,1,,1628464
9,1610612738,2018,00,Guerschon Yabusele,30,F,6-8,260,"DEC 17, 1995",22.0,1,,1627824
10,1610612738,2018,00,Marcus Smart,36,G,6-4,220,"MAR 06, 1994",24.0,4,Oklahoma State,203935
11,1610612738,2018,00,Semi Ojeleye,37,F,6-7,241,"DEC 05, 1994",23.0,1,Southern Methodist,1628400
12,1610612738,2018,00,Al Horford,42,C-F,6-10,245,"JUN 03, 1986",32.0,11,Florida,201143
13,1610612738,2018,00,Robert Williams III,44,C-F,6-10,240,"OCT 17, 1997",21.0,R,Texas A&M,1629057
14,1610612738,2018,00,Walter Lemon Jr.,45,G,6-3,180,"JUL 26, 1992",26.0,1,Bradley,1627215
15,1610612738,2018,00,Aron Baynes,46,C-F,6-10,260,"DEC 09, 1986",31.0,6,Washington State,203382
16,1610612738,2018,00,PJ Dozier,50,G-F,6-6,205,"OCT 25, 1996",22.0,1,South Carolina,1628408
0,1610612739,2018,00,Kevin Love,0,F-C,6-10,251,"SEP 07, 1988",30.0,10,UCLA,201567
1,1610612739,2018,00,Rodney Hood,1,G,6-8,206,"OCT 20, 1992",26.0,4,Duke,203918
2,1610612739,2018,00,Collin Sexton,2,G,6-2,190,"JAN 04, 1999",19.0,R,Alabama,1629012
3,1610612739,2018,00,George Hill,3,G,6-3,188,"MAY 04, 1986",32.0,10,Indiana Purdue-Indianapolis,201588
4,1610612739,2018,00,JR Smith,5,G-F,6-6,225,"SEP 09, 1985",33.0,14,St. Benedict's Prep (NJ),2747
5,1610612739,2018,00,Jordan Clarkson,8,G,6-5,194,"JUN 07, 1992",26.0,4,Missouri,203903
6,1610612739,2018,00,Channing Frye,9,F-C,7-0,255,"MAY 17, 1983",35.0,12,Arizona,101112
7,1610612739,2018,00,David Nwaba,12,G,6-4,219,"JAN 14, 1993",25.0,2,Cal Poly-S.L.O.,1628021
8,1610612739,2018,00,Tristan Thompson,13,C-F,6-10,238,"MAR 13, 1991",27.0,7,Texas,202684
9,1610612739,2018,00,Sam Dekker,15,F,6-9,230,"MAY 08, 1994",24.0,3,Wisconsin,1626155
10,1610612739,2018,00,Cedi Osman,16,F,6-8,215,"APR 08, 1995",23.0,1,Anadolu Efes,1626224
11,1610612739,2018,00,Billy Preston,20,F,6-10,240,"OCT 26, 1997",21.0,R,University of Kansas,1629009
12,1610612739,2018,00,Larry Nance Jr.,22,F,6-9,230,"JAN 01, 1993",25.0,3,Wyoming,1626204
13,1610612739,2018,00,Kyle Korver,26,G-F,6-7,212,"MAR 17, 1981",37.0,15,Creighton,2594
14,1610612739,2018,00,Ante Zizic,41,C,6-11,254,"JAN 04, 1997",21.0,1,,1627790
15,1610612739,2018,00,Andrew Harrison,55,G,6-6,213,"OCT 28, 1994",24.0,2,Kentucky,1626150
0,1610612740,2018,00,Ian Clark,2,G,6-3,175,"MAR 07, 1991",27.0,5,Belmont,203546
1,1610612740,2018,00,Nikola Mirotic,3,F,6-10,250,"FEB 11, 1991",27.0,4,,202703
2,1610612740,2018,00,Elfrid Payton,4,G,6-4,185,"FEB 22, 1994",24.0,4,Louisiana-Lafayette,203901
3,1610612740,2018,00,Trevon Bluiett,5,G-F,6-6,198,"NOV 04, 1994",24.0,R,Xavier (Ohio),1629129
4,1610612740,2018,00,Jahlil Okafor,8,C,6-11,275,"DEC 15, 1995",22.0,3,Duke,1626143
5,1610612740,2018,00,Tim Frazier,10,G,6-1,170,"NOV 01, 1990",28.0,4,,204025
6,1610612740,2018,00,Jrue Holiday,11,G,6-4,205,"JUN 12, 1990",28.0,9,UCLA,201950
7,1610612740,2018,00,Cheick Diallo,13,F,6-9,220,"SEP 13, 1996",22.0,2,Kansas,1627767
8,1610612740,2018,00,Frank Jackson,15,G,6-3,205,"MAY 04, 1998",20.0,R,Duke,1628402
9,1610612740,2018,00,Darius Miller,21,F,6-8,225,"MAR 21, 1990",28.0,4,Kentucky,203121
10,1610612740,2018,00,Anthony Davis,23,F-C,6-10,253,"MAR 11, 1993",25.0,6,Kentucky,203076
11,1610612740,2018,00,Julius Randle,30,F,6-9,250,"NOV 29, 1994",23.0,4,Kentucky,203944
12,1610612740,2018,00,Wesley Johnson,33,F-G,6-7,215,"JUL 11, 1987",31.0,8,Syracuse,202325
13,1610612740,2018,00,Kenrich Williams,34,G-F,6-7,210,"DEC 02, 1994",23.0,R,,1629026
14,1610612740,2018,00,Solomon Hill,44,F,6-7,225,"MAR 18, 1991",27.0,5,Arizona,203524
15,1610612740,2018,00,E'Twaun Moore,55,G,6-4,191,"FEB 25, 1989",29.0,7,Purdue,202734
0,1610612741,2018,00,Tyler Ulis,0,G,5-10,160,"JAN 05, 1996",22.0,2,Kentucky,1627755
1,1610612741,2018,00,Jabari Parker,2,F,6-8,245,"MAR 15, 1995",23.0,4,Duke,203953
2,1610612741,2018,00,Shaquille Harrison,3,G,6-4,190,"OCT 06, 1993",25.0,1,Tulsa,1627885
3,1610612741,2018,00,Bobby Portis,5,F,6-11,250,"FEB 10, 1995",23.0,3,Arkansas,1626171
4,1610612741,2018,00,Cristiano Felicio,6,F-C,6-10,265,"JUL 07, 1992",26.0,3,,1626245
5,1610612741,2018,00,Justin Holiday,7,F-G,6-6,181,"APR 05, 1989",29.0,5,Washington,203200
6,1610612741,2018,00,Zach LaVine,8,G,6-5,200,"MAR 10, 1995",23.0,4,UCLA,203897
7,1610612741,2018,00,Antonio Blakeney,9,G,6-4,192,"OCT 04, 1996",22.0,1,Louisiana State,1628469
8,1610612741,2018,00,Chandler Hutchison,15,F,6-7,197,"APR 26, 1996",22.0,R,Boise State,1628990
9,1610612741,2018,00,Rawle Alkins,20,G,6-5,225,"OCT 29, 1997",21.0,R,,1628959
10,1610612741,2018,00,Cameron Payne,22,G,6-3,190,"AUG 08, 1994",24.0,3,Murray State,1626166
11,1610612741,2018,00,Lauri Markkanen,24,F,7-0,240,"MAY 22, 1997",21.0,1,Arizona,1628374
12,1610612741,2018,00,Kris Dunn,32,G,6-4,205,"MAR 18, 1994",24.0,2,Providence,1627739
13,1610612741,2018,00,Wendell Carter Jr.,34,F,6-10,255,"APR 16, 1999",19.0,R,Duke,1628976
14,1610612741,2018,00,Robin Lopez,42,C,7-0,275,"APR 01, 1988",30.0,10,Stanford,201577
15,1610612741,2018,00,Denzel Valentine,45,G,6-6,210,"NOV 16, 1993",24.0,2,Michigan State,1627756
16,1610612741,2018,00,Ryan Arcidiacono,51,G,6-3,200,"MAR 26, 1994",24.0,1,Villanova,1627853
0,1610612742,2018,00,Dennis Smith Jr.,1,G,6-3,195,"NOV 25, 1997",20.0,1,North Carolina State,1628372
1,1610612742,2018,00,Daryl Macon,3,G,6-3,185,"NOV 29, 1995",22.0,R,Arkansas,1629133
2,1610612742,2018,00,J.J. Barea,5,G,6-0,185,"JUN 26, 1984",34.0,12,Northeastern,200826
3,1610612742,2018,00,DeAndre Jordan,6,C,6-11,265,"JUL 21, 1988",30.0,10,Texas A&M,201599
4,1610612742,2018,00,Dwight Powell,7,F-C,6-11,240,"JUL 20, 1991",27.0,4,Stanford,203939
5,1610612742,2018,00,Dorian Finney-Smith,10,F,6-8,220,"MAY 04, 1993",25.0,2,Florida,1627827
6,1610612742,2018,00,Jalen Brunson,13,G,6-3,190,"AUG 31, 1996",22.0,R,Villanova,1628973
7,1610612742,2018,00,Wesley Matthews,23,G-F,6-5,220,"OCT 14, 1986",32.0,9,Marquette,202083
8,1610612742,2018,00,Ray Spalding,26,F,6-10,215,"MAR 11, 1997",21.0,R,Louisville,1629034
9,1610612742,2018,00,Devin Harris,34,G,6-3,185,"FEB 27, 1983",35.0,14,Wisconsin,2734
10,1610612742,2018,00,Kostas Antetokounmpo,37,F,6-10,200,"NOV 20, 1997",20.0,R,Dayton,1628961
11,1610612742,2018,00,Harrison Barnes,40,F,6-8,225,"MAY 30, 1992",26.0,6,North Carolina,203084
12,1610612742,2018,00,Dirk Nowitzki,41,F,7-0,245,"JUN 19, 1978",40.0,20,"Wurzburg, Germany",1717
13,1610612742,2018,00,Maxi Kleber,42,F,6-11,240,"JAN 29, 1992",26.0,1,,1628467
14,1610612742,2018,00,Ryan Broekhoff,45,G-F,6-7,215,"AUG 23, 1990",28.0,R,,1629151
15,1610612742,2018,00,Salah Mejri,50,C,7-2,235,"JUN 15, 1986",32.0,3,,1626257
16,1610612742,2018,00,Luka Doncic,77,F-G,6-7,218,"FEB 28, 1999",19.0,R,,1629029
0,1610612743,2018,00,Isaiah Thomas,0,G,5-9,185,"FEB 07, 1989",29.0,7,Washington,202738
1,1610612743,2018,00,Michael Porter Jr.,1,F,6-10,210,"JUN 29, 1998",20.0,R,Missouri,1629008
2,1610612743,2018,00,Torrey Craig,3,F,6-7,215,"DEC 19, 1990",27.0,1,South Carolina Upstate,1628470
3,1610612743,2018,00,Paul Millsap,4,F,6-8,246,"FEB 10, 1985",33.0,12,Louisiana Tech,200794
4,1610612743,2018,00,Will Barton,5,G,6-6,190,"JAN 06, 1991",27.0,6,Memphis,203115
5,1610612743,2018,00,Trey Lyles,7,F,6-10,234,"NOV 05, 1995",23.0,3,Kentucky,1626168
6,1610612743,2018,00,Jarred Vanderbilt,8,F,6-9,214,"APR 03, 1999",19.0,R,Kentucky,1629020
7,1610612743,2018,00,Monte Morris,11,G,6-3,175,"JUN 27, 1995",23.0,1,Iowa State,1628420
8,1610612743,2018,00,Gary Harris,14,G,6-4,210,"SEP 14, 1994",24.0,4,Michigan State,203914
9,1610612743,2018,00,Nikola Jokic,15,C,7-0,250,"FEB 19, 1995",23.0,3,,203999
10,1610612743,2018,00,Tyler Lydon,20,F,6-10,225,"APR 09, 1996",22.0,1,Syracuse,1628399
11,1610612743,2018,00,DeVaughn Akoon-Purcell,23,G-F,6-6,200,"JUN 05, 1993",25.0,R,Illinois State,1629152
12,1610612743,2018,00,Mason Plumlee,24,F-C,6-11,235,"MAR 05, 1990",28.0,5,Duke,203486
13,1610612743,2018,00,Malik Beasley,25,G,6-5,195,"NOV 26, 1996",21.0,2,Florida State,1627736
14,1610612743,2018,00,Jamal Murray,27,G,6-4,207,"FEB 23, 1997",21.0,2,Kentucky,1627750
15,1610612743,2018,00,Juancho Hernangomez,41,F,6-9,230,"SEP 28, 1995",23.0,2,,1627823
16,1610612743,2018,00,Thomas Welsh,45,C,7-0,255,"FEB 03, 1996",22.0,R,California-Los Angeles,1629118
0,1610612744,2018,00,DeMarcus Cousins,0,C,6-11,270,"AUG 13, 1990",28.0,8,Kentucky,202326
1,1610612744,2018,00,Damion Lee,1,G,6-6,210,"OCT 21, 1992",26.0,1,Louisville,1627814
2,1610612744,2018,00,Jordan Bell,2,F,6-9,224,"JAN 07, 1995",23.0,1,Oregon,1628395
3,1610612744,2018,00,Quinn Cook,4,G,6-2,179,"MAR 23, 1993",25.0,2,Duke,1626188
4,1610612744,2018,00,Kevon Looney,5,F,6-9,220,"FEB 06, 1996",22.0,3,UCLA,1626172
5,1610612744,2018,00,Andre Iguodala,9,G-F,6-6,215,"JAN 28, 1984",34.0,14,Arizona,2738
6,1610612744,2018,00,Jacob Evans,10,G,6-6,210,"JUN 18, 1997",21.0,R,Cincinnati,1628980
7,1610612744,2018,00,Klay Thompson,11,G,6-7,215,"FEB 08, 1990",28.0,7,Washington State,202691
8,1610612744,2018,00,Damian Jones,15,C,7-0,245,"JUN 30, 1995",23.0,2,Vanderbilt,1627745
9,1610612744,2018,00,Jonas Jerebko,21,F,6-10,231,"MAR 02, 1987",31.0,8,"Kinna, Sweden",201973
10,1610612744,2018,00,Draymond Green,23,F,6-7,230,"MAR 04, 1990",28.0,6,Michigan State,203110
11,1610612744,2018,00,Alfonzo McKinnie,28,F,6-8,215,"SEP 17, 1992",26.0,1,Wisc.-Green Bay,1628035
12,1610612744,2018,00,Stephen Curry,30,G,6-3,190,"MAR 14, 1988",30.0,9,Davidson,201939
13,1610612744,2018,00,Marcus Derrickson,32,F,6-7,249,"FEB 01, 1996",22.0,R,,1629094
14,1610612744,2018,00,Shaun Livingston,34,G,6-7,192,"SEP 11, 1985",33.0,13,Peoria Central HS (IL),2733
15,1610612744,2018,00,Kevin Durant,35,F,6-9,240,"SEP 29, 1988",30.0,11,Texas,201142
0,1610612745,2018,00,Marquese Chriss,0,F,6-10,240,"JUL 02, 1997",21.0,2,Washington,1627737
1,1610612745,2018,00,Michael Carter-Williams,1,G,6-6,190,"OCT 10, 1991",27.0,5,Syracuse,203487
2,1610612745,2018,00,Brandon Knight,2,G,6-3,195,"DEC 02, 1991",26.0,6,Kentucky,202688
3,1610612745,2018,00,Chris Paul,3,G,6-0,175,"MAY 06, 1985",33.0,13,Wake Forest,101108
4,1610612745,2018,00,Gary Clark,6,F,6-8,225,"NOV 16, 1994",23.0,R,,1629109
5,1610612745,2018,00,Carmelo Anthony,7,F,6-8,240,"MAY 29, 1984",34.0,15,Syracuse,2546
6,1610612745,2018,00,James Ennis III,8,F,6-7,210,"JUL 01, 1990",28.0,4,Long Beach State,203516
7,1610612745,2018,00,Zhou Qi,9,F-C,7-1,210,"JAN 16, 1996",22.0,1,,1627753
8,1610612745,2018,00,Eric Gordon,10,G,6-4,215,"DEC 25, 1988",29.0,10,Indiana,201569
9,1610612745,2018,00,Vincent Edwards,12,F,6-8,225,"APR 05, 1996",22.0,R,Purdue,1629053
10,1610612745,2018,00,James Harden,13,G,6-5,220,"AUG 26, 1989",29.0,9,Arizona State,201935
11,1610612745,2018,00,Gerald Green,14,G-F,6-7,205,"JAN 26, 1986",32.0,11,Gulf Shores Aca. (TX),101123
12,1610612745,2018,00,Clint Capela,15,C,6-10,240,"MAY 18, 1994",24.0,4,,203991
13,1610612745,2018,00,PJ Tucker,17,F,6-6,245,"MAY 05, 1985",33.0,7,Texas,200782
14,1610612745,2018,00,Nene,42,C-F,6-11,250,"SEP 13, 1982",36.0,16,"Sao Carlos, Brazil",2403
15,1610612745,2018,00,Isaiah Hartenstein,55,F-C,7-0,249,"MAY 05, 1998",20.0,R,,1628392
0,1610612746,2018,00,Sindarius Thornwell,0,G,6-5,215,"NOV 15, 1994",23.0,1,South Carolina,1628414
1,1610612746,2018,00,Shai Gilgeous-Alexander,2,G,6-6,181,"JUL 12, 1998",20.0,R,Kentucky,1628983
2,1610612746,2018,00,Milos Teodosic,4,G,6-5,196,"MAR 19, 1987",31.0,1,,1628462
3,1610612746,2018,00,Montrezl Harrell,5,F-C,6-8,240,"JAN 26, 1994",24.0,3,Louisville,1626149
4,1610612746,2018,00,Danilo Gallinari,8,F,6-10,225,"AUG 08, 1988",30.0,9,"Sant'Angelo Lodigiano, Italy",201568
5,1610612746,2018,00,Tyrone Wallace,9,G,6-5,198,"JUN 10, 1994",24.0,1,California,1627820
6,1610612746,2018,00,Jerome Robinson,10,G,6-5,190,"FEB 22, 1997",21.0,R,Boston College,1629010
7,1610612746,2018,00,Avery Bradley,11,G,6-2,180,"NOV 26, 1990",27.0,8,Texas,202340
8,1610612746,2018,00,Luc Mbah a Moute,12,F,6-8,230,"SEP 09, 1986",32.0,10,UCLA,201601
9,1610612746,2018,00,Marcin Gortat,13,C,6-11,240,"FEB 17, 1984",34.0,11,"Lodz, Poland",101162
10,1610612746,2018,00,Johnathan Motley,15,F,6-10,230,"MAY 04, 1995",23.0,1,Baylor,1628405
11,1610612746,2018,00,Patrick Beverley,21,G,6-1,185,"JUL 12, 1988",30.0,6,Arkansas,201976
12,1610612746,2018,00,Lou Williams,23,G,6-1,175,"OCT 27, 1986",32.0,13,South Gwinnett HS (GA),101150
13,1610612746,2018,00,Mike Scott,30,F,6-8,237,"JUL 16, 1988",30.0,6,Virginia,203118
14,1610612746,2018,00,Angel Delgado,31,C,6-10,245,"NOV 20, 1994",23.0,R,,1629116
15,1610612746,2018,00,Tobias Harris,34,F,6-9,235,"JUL 15, 1992",26.0,7,Tennessee,202699
16,1610612746,2018,00,Boban Marjanovic,51,C,7-3,290,"AUG 15, 1988",30.0,3,,1626246
0,1610612747,2018,00,Kyle Kuzma,0,F,6-9,220,"JUL 24, 1995",23.0,1,Utah,1628398
1,1610612747,2018,00,Kentavious Caldwell-Pope,1,G,6-5,205,"FEB 18, 1993",25.0,5,Georgia,203484
2,1610612747,2018,00,Lonzo Ball,2,G,6-6,190,"OCT 27, 1997",21.0,1,California-Los Angeles,1628366
3,1610612747,2018,00,Josh Hart,3,G,6-5,215,"MAR 06, 1995",23.0,1,Villanova,1628404
4,1610612747,2018,00,Alex Caruso,4,G,6-5,186,"FEB 28, 1994",24.0,1,Texas A&M,1627936
5,1610612747,2018,00,Tyson Chandler,5,C,7-1,240,"OCT 02, 1982",36.0,17,Dominquez H.S,2199
6,1610612747,2018,00,Lance Stephenson,6,G,6-6,230,"SEP 05, 1990",28.0,8,Cincinnati,202362
7,1610612747,2018,00,JaVale McGee,7,C,7-0,270,"JAN 19, 1988",30.0,10,Nevada,201580
8,1610612747,2018,00,Rajon Rondo,9,G,6-1,186,"FEB 22, 1986",32.0,12,Kentucky,200765
9,1610612747,2018,00,Svi Mykhailiuk,10,G,6-8,205,"JUN 10, 1997",21.0,R,Kansas,1629004
10,1610612747,2018,00,Michael Beasley,11,F,6-9,235,"JAN 09, 1989",29.0,10,Kansas State,201563
11,1610612747,2018,00,Brandon Ingram,14,F,6-9,190,"SEP 02, 1997",21.0,2,Duke,1627742
12,1610612747,2018,00,Moritz Wagner,15,C,6-11,245,"APR 26, 1997",21.0,R,Michigan,1629021
13,1610612747,2018,00,Isaac Bonga,17,G,6-8,180,"NOV 08, 1999",19.0,R,,1629067
14,1610612747,2018,00,Johnathan Williams,19,F,6-9,228,"MAY 22, 1995",23.0,R,Gonzaga,1629140
15,1610612747,2018,00,LeBron James,23,F,6-8,250,"DEC 30, 1984",33.0,15,St. Vincent-St. Mary HS (OH),2544
16,1610612747,2018,00,Ivica Zubac,40,C,7-1,240,"MAR 18, 1997",21.0,2,,1627826
0,1610612748,2018,00,Josh Richardson,0,G-F,6-6,200,"SEP 15, 1993",25.0,3,Tennessee,1626196
1,1610612748,2018,00,Yante Maten,00,F,6-8,240,"AUG 14, 1996",22.0,R,,1628999
2,1610612748,2018,00,Wayne Ellington,2,G,6-5,200,"NOV 29, 1987",30.0,9,North Carolina,201961
3,1610612748,2018,00,Dwyane Wade,3,G,6-4,220,"JAN 17, 1982",36.0,15,Marquette,2548
4,1610612748,2018,00,Derrick Jones Jr.,5,F-G,6-7,200,"FEB 15, 1997",21.0,2,Nevada-Las Vegas,1627884
5,1610612748,2018,00,Goran Dragic,7,G,6-3,190,"MAY 06, 1986",32.0,10,"Ljubljana, Slovenia",201609
6,1610612748,2018,00,Tyler Johnson,8,G,6-4,190,"MAY 07, 1992",26.0,4,Fresno State,204020
7,1610612748,2018,00,Kelly Olynyk,9,F,7-0,240,"APR 19, 1991",27.0,5,Gonzaga,203482
8,1610612748,2018,00,Dion Waiters,11,G,6-4,215,"DEC 10, 1991",26.0,6,Syracuse,203079
9,1610612748,2018,00,Bam Adebayo,13,C-F,6-10,255,"JUL 18, 1997",21.0,1,Kentucky,1628389
10,1610612748,2018,00,James Johnson,16,F,6-8,240,"FEB 20, 1987",31.0,9,Wake Forest,201949
11,1610612748,2018,00,Rodney McGruder,17,F-G,6-4,200,"JUL 29, 1991",27.0,2,Kansas State,203585
12,1610612748,2018,00,Justise Winslow,20,F,6-7,225,"MAR 26, 1996",22.0,3,Duke,1626159
13,1610612748,2018,00,Hassan Whiteside,21,C,7-0,265,"JUN 13, 1989",29.0,6,Marshall,202355
14,1610612748,2018,00,Udonis Haslem,40,F,6-8,235,"JUN 09, 1980",38.0,15,Florida,2617
15,1610612748,2018,00,Duncan Robinson,55,F,6-8,210,"APR 22, 1994",24.0,R,Michigan,1629130
0,1610612749,2018,00,Trevon Duval,0,G,6-2,189,"AUG 03, 1998",20.0,R,,1628979
1,1610612749,2018,00,D.J. Wilson,5,F,6-10,231,"FEB 19, 1996",22.0,1,Michigan,1628391
2,1610612749,2018,00,Eric Bledsoe,6,G,6-1,205,"DEC 09, 1989",28.0,8,Kentucky,202339
3,1610612749,2018,00,Thon Maker,7,F,7-1,221,"FEB 25, 1997",21.0,2,,1627748
4,1610612749,2018,00,Matthew Dellavedova,8,G,6-4,200,"SEP 08, 1990",28.0,5,Saint Mary's (CA),203521
5,1610612749,2018,00,Donte DiVincenzo,9,G,6-4,203,"JAN 31, 1997",21.0,R,Villanova,1628978
6,1610612749,2018,00,Brook Lopez,11,C,7-0,270,"APR 01, 1988",30.0,10,Stanford,201572
7,1610612749,2018,00,Malcolm Brogdon,13,G,6-5,229,"DEC 11, 1992",25.0,2,Virginia,1627763
8,1610612749,2018,00,Jodie Meeks,20,G,6-4,210,"AUG 21, 1987",31.0,9,Kentucky,201975
9,1610612749,2018,00,Tony Snell,21,G,6-7,213,"NOV 10, 1991",27.0,5,New Mexico,203503
10,1610612749,2018,00,Khris Middleton,22,F,6-8,222,"AUG 12, 1991",27.0,6,Texas A&M,203114
11,1610612749,2018,00,Sterling Brown,23,G,6-6,232,"FEB 10, 1995",23.0,1,Southern Methodist,1628425
12,1610612749,2018,00,Pat Connaughton,24,G,6-4,209,"JAN 06, 1993",25.0,3,Notre Dame,1626192
13,1610612749,2018,00,Jaylen Morris,30,G,6-5,185,"SEP 19, 1995",23.0,1,Molloy,1628537
14,1610612749,2018,00,John Henson,31,F,6-11,219,"DEC 28, 1990",27.0,6,North Carolina,203089
15,1610612749,2018,00,Giannis Antetokounmpo,34,F,6-11,242,"DEC 06, 1994",23.0,5,Greece,203507
16,1610612749,2018,00,Christian Wood,35,F,6-10,214,"SEP 27, 1995",23.0,2,Nevada-Las Vegas,1626174
17,1610612749,2018,00,Ersan Ilyasova,77,F,6-10,235,"MAY 15, 1987",31.0,10,"Eskisehir, Turkey",101141
0,1610612750,2018,00,Jeff Teague,0,G,6-2,195,"JUN 10, 1988",30.0,9,Wake Forest,201952
1,1610612750,2018,00,Tyus Jones,1,G,6-2,196,"MAY 10, 1996",22.0,3,Duke,1626145
2,1610612750,2018,00,Jared Terrell,3,G,6-3,227,"FEB 10, 1995",23.0,R,Rhode Island,1629123
3,1610612750,2018,00,Gorgui Dieng,5,C,6-11,252,"JAN 18, 1990",28.0,5,Louisville,203476
4,1610612750,2018,00,James Nunnally,7,F,6-7,208,"JUL 14, 1990",28.0,1,California-Santa Barbara,203263
5,1610612750,2018,00,Jerryd Bayless,8,G,6-3,200,"AUG 20, 1988",30.0,10,Arizona,201573
6,1610612750,2018,00,Luol Deng,9,F,6-9,237,"APR 16, 1985",33.0,14,Duke,2736
7,1610612750,2018,00,C.J. Williams,12,G,6-5,226,"FEB 06, 1990",28.0,1,North Carolina State,203710
8,1610612750,2018,00,Josh Okogie,20,G,6-4,212,"SEP 01, 1998",20.0,R,Georgia Tech,1629006
9,1610612750,2018,00,Andrew Wiggins,22,F-G,6-8,194,"FEB 23, 1995",23.0,4,Kansas,203952
10,1610612750,2018,00,Derrick Rose,25,G,6-3,200,"OCT 04, 1988",30.0,9,Memphis,201565
11,1610612750,2018,00,Keita Bates-Diop,31,F,6-9,229,"JAN 23, 1996",22.0,R,Ohio State,1628966
12,1610612750,2018,00,Karl-Anthony Towns,32,C,7-0,248,"NOV 15, 1995",22.0,3,Kentucky,1626157
13,1610612750,2018,00,Robert Covington,33,F,6-9,225,"DEC 14, 1990",27.0,5,Tennessee State,203496
14,1610612750,2018,00,Dario Saric,36,F,6-10,223,"APR 08, 1994",24.0,2,,203967
15,1610612750,2018,00,Anthony Tolliver,43,F,6-8,250,"JUN 01, 1985",33.0,10,Creighton,201229
16,1610612750,2018,00,Taj Gibson,67,F,6-9,232,"JUN 24, 1985",33.0,9,Southern California,201959
0,1610612751,2018,00,Rodions Kurucs,00,F,6-9,210,"FEB 05, 1998",20.0,R,,1629066
1,1610612751,2018,00,D'Angelo Russell,1,G,6-5,198,"FEB 23, 1996",22.0,3,Ohio State,1626156
2,1610612751,2018,00,Jared Dudley,6,F,6-7,237,"JUL 10, 1985",33.0,11,Boston College,201162
3,1610612751,2018,00,Spencer Dinwiddie,8,G,6-6,210,"APR 06, 1993",25.0,4,Colorado,203915
4,1610612751,2018,00,DeMarre Carroll,9,F,6-8,215,"JUL 27, 1986",32.0,9,Missouri,201960
5,1610612751,2018,00,Theo Pinson,10,G-F,6-6,218,"NOV 05, 1995",23.0,R,,1629033
6,1610612751,2018,00,Joe Harris,12,F-G,6-6,218,"SEP 06, 1991",27.0,4,Virginia,203925
7,1610612751,2018,00,Shabazz Napier,13,G,6-1,180,"JUL 14, 1991",27.0,4,Connecticut,203894
8,1610612751,2018,00,Alan Williams,15,F-C,6-8,265,"JAN 28, 1993",25.0,3,California-Santa Barbara,1626210
9,1610612751,2018,00,Ed Davis,17,C,6-10,225,"JUN 05, 1989",29.0,8,North Carolina,202334
10,1610612751,2018,00,Treveon Graham,21,F,6-5,225,"OCT 28, 1993",25.0,2,Virginia Commonwealth,1626203
11,1610612751,2018,00,Caris LeVert,22,G,6-7,204,"AUG 25, 1994",24.0,2,Michigan,1627747
12,1610612751,2018,00,Rondae Hollis-Jefferson,24,F,6-7,217,"JAN 03, 1995",23.0,3,Arizona,1626178
13,1610612751,2018,00,Dzanan Musa,30,G-F,6-9,208,"MAY 08, 1999",19.0,R,,1629058
14,1610612751,2018,00,Jarrett Allen,31,C,6-11,237,"APR 21, 1998",20.0,1,Texas,1628386
15,1610612751,2018,00,Allen Crabbe,33,G-F,6-6,212,"APR 09, 1992",26.0,5,California,203459
16,1610612751,2018,00,Kenneth Faried,35,F-C,6-8,220,"NOV 19, 1989",28.0,7,Morehead State,202702
0,1610612752,2018,00,Enes Kanter,00,C,6-11,250,"MAY 20, 1992",26.0,7,Kentucky,202683
1,1610612752,2018,00,Emmanuel Mudiay,1,G,6-5,200,"MAR 05, 1996",22.0,3,,1626144
2,1610612752,2018,00,Luke Kornet,2,F-C,7-1,250,"JUL 15, 1995",23.0,1,Vanderbilt,1628436
3,1610612752,2018,00,Tim Hardaway Jr.,3,G,6-6,205,"MAR 16, 1992",26.0,5,Michigan,203501
4,1610612752,2018,00,Isaiah Hicks,4,F,6-9,230,"JUL 24, 1994",24.0,1,North Carolina,1628439
5,1610612752,2018,00,Courtney Lee,5,G,6-5,215,"OCT 03, 1985",33.0,10,Western Kentucky,201584
6,1610612752,2018,00,Kristaps Porzingis,6,F-C,7-3,240,"AUG 02, 1995",23.0,3,,204001
7,1610612752,2018,00,Mario Hezonja,8,F,6-8,225,"FEB 25, 1995",23.0,3,Croatia,1626209
8,1610612752,2018,00,Frank Ntilikina,11,G,6-6,200,"JUL 28, 1998",20.0,1,,1628373
9,1610612752,2018,00,Allonzo Trier,14,G,6-5,200,"JAN 17, 1996",22.0,R,University of Arizona,1629019
10,1610612752,2018,00,Kevin Knox,20,F,6-9,215,"AUG 11, 1999",19.0,R,Kentucky,1628995
11,1610612752,2018,00,Damyean Dotson,21,G,6-6,210,"MAY 06, 1994",24.0,1,Houston,1628422
12,1610612752,2018,00,Trey Burke,23,G,6-1,175,"NOV 12, 1992",25.0,5,Michigan,203504
13,1610612752,2018,00,Mitchell Robinson,26,C,7-1,240,"APR 01, 1998",20.0,R,,1629011
14,1610612752,2018,00,Ron Baker,31,G,6-4,220,"MAR 30, 1993",25.0,2,Wichita State,1627758
15,1610612752,2018,00,Noah Vonleh,32,F,6-9,250,"AUG 24, 1995",23.0,4,Indiana,203943
16,1610612752,2018,00,Lance Thomas,42,F,6-8,240,"APR 24, 1988",30.0,7,Duke,202498
0,1610612753,2018,00,Aaron Gordon,00,F,6-9,220,"SEP 16, 1995",23.0,4,Arizona,203932
1,1610612753,2018,00,Jonathan Isaac,1,F,6-10,210,"OCT 03, 1997",21.0,1,Florida State,1628371
2,1610612753,2018,00,Jarell Martin,2,F,6-10,239,"MAY 24, 1994",24.0,3,Louisiana State,1626185
3,1610612753,2018,00,Troy Caupain,3,G,6-4,210,"NOV 29, 1995",22.0,R,Cincinnati,1628505
4,1610612753,2018,00,Mo Bamba,5,C,7-0,221,"MAY 12, 1998",20.0,R,Texas,1628964
5,1610612753,2018,00,Nikola Vucevic,9,C,7-0,260,"OCT 24, 1990",28.0,7,Southern California,202696
6,1610612753,2018,00,Evan Fournier,10,G-F,6-7,205,"OCT 29, 1992",26.0,6,France,203095
7,1610612753,2018,00,Amile Jefferson,11,F,6-9,222,"MAY 07, 1993",25.0,R,Duke,1628518
8,1610612753,2018,00,Isaiah Briscoe,13,G,6-3,215,"APR 13, 1996",22.0,R,,1628515
9,1610612753,2018,00,D.J. Augustin,14,G,6-0,183,"NOV 10, 1987",31.0,10,Texas,201571
10,1610612753,2018,00,Jonathon Simmons,17,F,6-6,195,"SEP 14, 1989",29.0,3,Houston,203613
11,1610612753,2018,00,Timofey Mozgov,21,C,7-1,275,"JUL 16, 1986",32.0,8,"St. Petersburg, Russia",202389
12,1610612753,2018,00,Jerian Grant,22,G,6-4,205,"OCT 09, 1992",26.0,3,Notre Dame,1626170
13,1610612753,2018,00,Khem Birch,24,C,6-9,233,"SEP 28, 1992",26.0,1,Nevada-Las Vegas,203920
14,1610612753,2018,00,Wes Iwundu,25,F,6-7,195,"DEC 20, 1994",23.0,1,Kansas State,1628411
15,1610612753,2018,00,Terrence Ross,31,G-F,6-7,206,"FEB 05, 1991",27.0,6,Washington,203082
16,1610612753,2018,00,Melvin Frazier Jr.,35,G-F,6-6,200,"AUG 30, 1996",22.0,R,Tulane,1628982
0,1610612754,2018,00,Darren Collison,2,G,6-0,175,"AUG 23, 1987",31.0,9,UCLA,201954
1,1610612754,2018,00,Aaron Holiday,3,G,6-1,185,"SEP 30, 1996",22.0,R,California-Los Angeles,1628988
2,1610612754,2018,00,Victor Oladipo,4,G,6-4,210,"MAY 04, 1992",26.0,5,Indiana,203506
3,1610612754,2018,00,Edmond Sumner,5,G,6-6,176,"DEC 31, 1995",22.0,1,Xavier,1628410
4,1610612754,2018,00,Cory Joseph,6,G,6-3,193,"AUG 20, 1991",27.0,7,Texas,202709
5,1610612754,2018,00,Kyle O'Quinn,10,C,6-10,250,"MAR 26, 1990",28.0,6,Norfolk State,203124
6,1610612754,2018,00,Domantas Sabonis,11,F,6-11,240,"MAY 03, 1996",22.0,2,Gonzaga,1627734
7,1610612754,2018,00,Tyreke Evans,12,G,6-6,220,"SEP 19, 1989",29.0,9,Memphis,201936
8,1610612754,2018,00,Ike Anigbogu,13,C,6-10,250,"OCT 16, 1998",20.0,1,California-Los Angeles,1628387
9,1610612754,2018,00,Doug McDermott,20,F,6-8,225,"JAN 03, 1992",26.0,4,Creighton,203926
10,1610612754,2018,00,Thaddeus Young,21,F,6-8,221,"JUN 21, 1988",30.0,11,Georgia Tech,201152
11,1610612754,2018,00,TJ Leaf,22,F,6-10,225,"APR 30, 1997",21.0,1,California-Los Angeles,1628388
12,1610612754,2018,00,Alize Johnson,24,F,6-9,212,"APR 22, 1996",22.0,R,Missouri State,1628993
13,1610612754,2018,00,Davon Reed,32,G,6-5,208,"JUN 11, 1995",23.0,1,Miami (FL),1628432
14,1610612754,2018,00,Myles Turner,33,C-F,6-11,250,"MAR 24, 1996",22.0,3,Texas,1626167
15,1610612754,2018,00,Bojan Bogdanovic,44,F,6-8,216,"APR 18, 1989",29.0,4,,202711
0,1610612755,2018,00,Justin Patton,0,C,7-0,241,"JUN 14, 1997",21.0,1,Creighton,1628383
1,1610612755,2018,00,Landry Shamet,1,G,6-5,188,"MAR 13, 1997",21.0,R,Wichita State,1629013
2,1610612755,2018,00,Amir Johnson,5,C-F,6-9,240,"MAY 01, 1987",31.0,13,Westchester HS (Los Angeles),101161
3,1610612755,2018,00,Zhaire Smith,8,G,6-4,199,"JUN 04, 1999",19.0,R,Texas Tech,1629015
4,1610612755,2018,00,Demetrius Jackson,11,G,6-1,201,"SEP 07, 1994",24.0,2,Notre Dame,1627743
5,1610612755,2018,00,T.J. McConnell,12,G,6-2,190,"MAR 25, 1992",26.0,3,Arizona,204456
6,1610612755,2018,00,JJ Redick,17,G,6-4,200,"JUN 24, 1984",34.0,12,Duke,200755
7,1610612755,2018,00,Shake Milton,18,G,6-6,207,"SEP 26, 1996",22.0,R,Southern Methodist,1629003
8,1610612755,2018,00,Markelle Fultz,20,G,6-4,200,"MAY 29, 1998",20.0,1,Washington,1628365
9,1610612755,2018,00,Joel Embiid,21,F-C,7-0,250,"MAR 16, 1994",24.0,2,Kansas,203954
10,1610612755,2018,00,Wilson Chandler,22,F,6-9,225,"MAY 10, 1987",31.0,10,DePaul,201163
11,1610612755,2018,00,Jimmy Butler,23,G-F,6-8,232,"SEP 14, 1989",29.0,7,Marquette,202710
12,1610612755,2018,00,Ben Simmons,25,G-F,6-10,230,"JUL 20, 1996",22.0,1,Louisiana State,1627732
13,1610612755,2018,00,Furkan Korkmaz,30,G-F,6-7,190,"JUL 24, 1997",21.0,1,,1627788
14,1610612755,2018,00,Mike Muscala,31,F-C,6-11,240,"JUL 01, 1991",27.0,5,Bucknell,203488
15,1610612755,2018,00,Jonah Bolden,43,F,6-10,220,"JAN 02, 1996",22.0,R,,1628413
0,1610612756,2018,00,Isaiah Canaan,0,G,6-0,200,"MAY 21, 1991",27.0,5,Murray State,203477
1,1610612756,2018,00,Devin Booker,1,G,6-6,210,"OCT 30, 1996",22.0,3,Kentucky,1626164
2,1610612756,2018,00,Elie Okobo,2,G,6-2,180,"OCT 23, 1997",21.0,R,,1629059
3,1610612756,2018,00,Trevor Ariza,3,F,6-8,215,"JUN 30, 1985",33.0,14,UCLA,2772
4,1610612756,2018,00,George King,8,F,6-6,220,"JAN 15, 1994",24.0,R,Colorado,1628994
5,1610612756,2018,00,Jamal Crawford,11,G,6-5,185,"MAR 20, 1980",38.0,18,Michigan,2037
6,1610612756,2018,00,T.J. Warren,12,F,6-8,215,"SEP 05, 1993",25.0,4,North Carolina State,203933
7,1610612756,2018,00,De'Anthony Melton,14,G,6-4,200,"MAY 28, 1998",20.0,R,Southern California,1629001
8,1610612756,2018,00,Ryan Anderson,15,F,6-10,240,"MAY 06, 1988",30.0,10,California,201583
9,1610612756,2018,00,Josh Jackson,20,F,6-8,200,"FEB 10, 1997",21.0,1,Kansas,1628367
10,1610612756,2018,00,Richaun Holmes,21,F-C,6-10,235,"OCT 15, 1993",25.0,3,Bowling Green,1626158
11,1610612756,2018,00,Deandre Ayton,22,C,7-1,250,"JUL 23, 1998",20.0,R,Arizona,1629028
12,1610612756,2018,00,Mikal Bridges,25,F,6-7,210,"AUG 30, 1996",22.0,R,Villanova,1628969
13,1610612756,2018,00,Troy Daniels,30,G,6-4,205,"JUL 15, 1991",27.0,5,Virginia Commonwealth,203584
14,1610612756,2018,00,Dragan Bender,35,F,7-1,225,"NOV 17, 1997",20.0,2,,1627733
0,1610612757,2018,00,Damian Lillard,0,G,6-3,195,"JUL 15, 1990",28.0,6,Weber State,203081
1,1610612757,2018,00,Evan Turner,1,G-F,6-7,220,"OCT 27, 1988",30.0,8,Ohio State,202323
2,1610612757,2018,00,Wade Baldwin IV,2,G,6-4,200,"MAR 29, 1996",22.0,2,Vanderbilt,1627735
3,1610612757,2018,00,CJ McCollum,3,G,6-3,190,"SEP 19, 1991",27.0,5,Lehigh,203468
4,1610612757,2018,00,Maurice Harkless,4,F,6-9,220,"MAY 11, 1993",25.0,6,St. John's (NY),203090
5,1610612757,2018,00,Nik Stauskas,6,G,6-6,205,"OCT 07, 1993",25.0,4,Michigan,203917
6,1610612757,2018,00,Al-Farouq Aminu,8,F,6-9,220,"SEP 21, 1990",28.0,8,Wake Forest,202329
7,1610612757,2018,00,Gary Trent Jr.,9,G,6-6,205,"JAN 18, 1999",19.0,R,,1629018
8,1610612757,2018,00,Jake Layman,10,F,6-9,215,"MAR 07, 1994",24.0,2,Maryland,1627774
9,1610612757,2018,00,Meyers Leonard,11,F-C,7-1,255,"FEB 27, 1992",26.0,6,Illinois,203086
10,1610612757,2018,00,Anfernee Simons,24,G,6-4,185,"JUN 08, 1999",19.0,R,IMG Academy,1629014
11,1610612757,2018,00,Jusuf Nurkic,27,C,7-0,275,"AUG 23, 1994",24.0,4,,203994
12,1610612757,2018,00,Seth Curry,31,G,6-2,185,"AUG 23, 1990",28.0,4,Duke,203552
13,1610612757,2018,00,Zach Collins,33,F-C,7-0,235,"NOV 19, 1997",20.0,1,Gonzaga,1628380
14,1610612757,2018,00,Caleb Swanigan,50,F,6-9,250,"APR 18, 1997",21.0,1,Purdue,1628403
0,1610612758,2018,00,Willie Cauley-Stein,00,C,7-0,240,"AUG 18, 1993",25.0,3,Kentucky,1626161
1,1610612758,2018,00,Yogi Ferrell,3,G,6-0,180,"MAY 09, 1993",25.0,2,Indiana,1627812
2,1610612758,2018,00,De'Aaron Fox,5,G,6-3,175,"DEC 20, 1997",20.0,1,Kentucky,1628368
3,1610612758,2018,00,Skal Labissiere,7,F,6-11,235,"MAR 18, 1996",22.0,2,Kentucky,1627746
4,1610612758,2018,00,Bogdan Bogdanovic,8,G,6-6,205,"AUG 18, 1992",26.0,1,,203992
5,1610612758,2018,00,Iman Shumpert,9,G,6-5,215,"JUN 26, 1990",28.0,7,Georgia Tech,202697
6,1610612758,2018,00,Frank Mason,10,G,5-11,190,"APR 03, 1994",24.0,1,Kansas,1628412
7,1610612758,2018,00,Troy Williams,19,F,6-7,218,"DEC 30, 1994",23.0,2,Indiana,1627786
8,1610612758,2018,00,Harry Giles III,20,F-C,6-10,240,"APR 22, 1998",20.0,R,Duke,1628385
9,1610612758,2018,00,Ben McLemore,23,G,6-5,201,"FEB 11, 1993",25.0,5,Kansas,203463
10,1610612758,2018,00,Buddy Hield,24,G,6-4,214,"DEC 17, 1993",24.0,2,Oklahoma,1627741
11,1610612758,2018,00,Justin Jackson,25,F,6-8,210,"MAR 28, 1995",23.0,1,North Carolina,1628382
12,1610612758,2018,00,Wenyen Gabriel,32,F,6-9,205,"MAR 26, 1997",21.0,R,,1629117
13,1610612758,2018,00,Marvin Bagley III,35,F,6-11,234,"MAR 14, 1999",19.0,R,Duke,1628963
14,1610612758,2018,00,Kosta Koufos,41,C,7-0,245,"FEB 24, 1989",29.0,10,Ohio State,201585
15,1610612758,2018,00,Zach Randolph,50,F,6-9,250,"JUL 16, 1981",37.0,17,Michigan State,2216
16,1610612758,2018,00,Nemanja Bjelica,88,F,6-10,234,"MAY 09, 1988",30.0,3,,202357
0,1610612759,2018,00,Lonnie Walker IV,1,G,6-5,205,"DEC 14, 1998",19.0,R,Miami (FL),1629022
1,1610612759,2018,00,Quincy Pondexter,3,F,6-7,230,"MAR 10, 1988",30.0,6,Washington,202347
2,1610612759,2018,00,Derrick White,4,G,6-4,190,"JUL 02, 1994",24.0,1,Colorado,1628401
3,1610612759,2018,00,Dejounte Murray,5,G,6-5,170,"SEP 19, 1996",22.0,2,Washington,1627749
4,1610612759,2018,00,Chimezie Metu,7,F,6-10,225,"MAR 22, 1997",21.0,R,Southern California,1629002
5,1610612759,2018,00,Patty Mills,8,G,6-0,180,"AUG 11, 1988",30.0,9,Saint Mary's (CA),201988
6,1610612759,2018,00,DeMar DeRozan,10,G,6-7,220,"AUG 07, 1989",29.0,9,Southern California,201942
7,1610612759,2018,00,Bryn Forbes,11,G,6-3,190,"JUL 23, 1993",25.0,2,Michigan State,1627854
8,1610612759,2018,00,LaMarcus Aldridge,12,F,6-11,260,"JUL 19, 1985",33.0,12,Texas,200746
9,1610612759,2018,00,Drew Eubanks,14,F,6-10,245,"FEB 01, 1997",21.0,R,,1629234
10,1610612759,2018,00,Pau Gasol,16,C-F,7-0,250,"JUL 06, 1980",38.0,17,"Barcelona, Spain",2200
11,1610612759,2018,00,Marco Belinelli,18,G-F,6-5,210,"MAR 25, 1986",32.0,11,"Bologna, Italy",201158
12,1610612759,2018,00,Rudy Gay,22,F,6-8,230,"AUG 17, 1986",32.0,12,Connecticut,200752
13,1610612759,2018,00,Jakob Poeltl,25,C,7-0,230,"OCT 15, 1995",23.0,2,Utah,1627751
14,1610612759,2018,00,Dante Cunningham,33,F,6-8,230,"APR 22, 1987",31.0,10,Villanova,201967
15,1610612759,2018,00,Davis Bertans,42,F,6-10,225,"NOV 12, 1992",25.0,2,,202722
0,1610612760,2018,00,Russell Westbrook,0,G,6-3,200,"NOV 12, 1988",29.0,10,UCLA,201566
1,1610612760,2018,00,Raymond Felton,2,G,6-1,205,"JUN 26, 1984",34.0,13,North Carolina,101109
2,1610612760,2018,00,Nerlens Noel,3,F-C,6-11,220,"APR 10, 1994",24.0,4,Kentucky,203457
3,1610612760,2018,00,Hamidou Diallo,6,G,6-5,198,"JUL 31, 1998",20.0,R,Kentucky,1628977
4,1610612760,2018,00,Timothe Luwawu-Cabarrot,7,G-F,6-6,210,"MAY 09, 1995",23.0,2,,1627789
5,1610612760,2018,00,Alex Abrines,8,G,6-6,200,"AUG 01, 1993",25.0,2,,203518
6,1610612760,2018,00,Jerami Grant,9,F,6-9,220,"MAR 12, 1994",24.0,4,Syracuse,203924
7,1610612760,2018,00,Abdel Nader,11,F,6-6,225,"SEP 25, 1993",25.0,1,Iowa State,1627846
8,1610612760,2018,00,Steven Adams,12,C,7-0,265,"JUL 20, 1993",25.0,5,Pittsburgh,203500
9,1610612760,2018,00,Paul George,13,F,6-9,220,"MAY 02, 1990",28.0,8,Fresno State,202331
10,1610612760,2018,00,Dennis Schroder,17,G,6-1,172,"SEP 15, 1993",25.0,5,Germany,203471
11,1610612760,2018,00,Andre Roberson,21,G-F,6-7,210,"DEC 04, 1991",26.0,5,Colorado,203460
12,1610612760,2018,00,Terrance Ferguson,23,G,6-7,190,"MAY 17, 1998",20.0,1,,1628390
13,1610612760,2018,00,Deonte Burton,30,G,6-5,245,"JAN 31, 1994",24.0,R,Iowa State,1629126
14,1610612760,2018,00,Tyler Davis,34,C,6-10,266,"MAY 22, 1997",21.0,R,,1629093
15,1610612760,2018,00,Patrick Patterson,54,F,6-9,230,"MAR 14, 1989",29.0,8,Kentucky,202335
0,1610612761,2018,00,CJ Miles,0,F-G,6-6,220,"MAR 18, 1987",31.0,13,Skyline HS (TX),101139
1,1610612761,2018,00,Kawhi Leonard,2,F,6-7,230,"JUN 29, 1991",27.0,7,San Diego State,202695
2,1610612761,2018,00,OG Anunoby,3,F,6-8,232,"JUL 17, 1997",21.0,1,Indiana,1628384
3,1610612761,2018,00,Lorenzo Brown,4,G,6-5,189,"AUG 26, 1990",28.0,4,North Carolina State,203485
4,1610612761,2018,00,Kyle Lowry,7,G,6-1,196,"MAR 25, 1986",32.0,12,Villanova,200768
5,1610612761,2018,00,Jordan Loyd,8,G,6-4,210,"JUL 27, 1993",25.0,R,Indianapolis,1628070
6,1610612761,2018,00,Serge Ibaka,9,F-C,6-10,235,"SEP 18, 1989",29.0,9,"Brazzaville, Rep. of Congo",201586
7,1610612761,2018,00,Danny Green,14,G-F,6-6,215,"JUN 22, 1987",31.0,9,North Carolina,201980
8,1610612761,2018,00,Greg Monroe,15,C,6-11,265,"JUN 04, 1990",28.0,8,Georgetown,202328
9,1610612761,2018,00,Jonas Valanciunas,17,C,7-0,265,"MAY 06, 1992",26.0,6,"Utena, Lithuania",202685
10,1610612761,2018,00,Malachi Richardson,22,G,6-6,205,"JAN 05, 1996",22.0,2,Syracuse,1627781
11,1610612761,2018,00,Fred VanVleet,23,G,6-0,195,"FEB 25, 1994",24.0,2,Wichita State,1627832
12,1610612761,2018,00,Norman Powell,24,F-G,6-4,215,"MAY 25, 1993",25.0,3,UCLA,1626181
13,1610612761,2018,00,Chris Boucher,25,F,6-10,200,"JAN 11, 1993",25.0,1,Oregon,1628449
14,1610612761,2018,00,Pascal Siakam,43,F,6-9,230,"APR 02, 1994",24.0,2,New Mexico State,1627783
15,1610612761,2018,00,Delon Wright,55,G,6-5,183,"APR 26, 1992",26.0,3,Utah,1626153
0,1610612762,2018,00,Joe Ingles,2,F,6-8,226,"OCT 02, 1987",31.0,4,,204060
1,1610612762,2018,00,Ricky Rubio,3,G,6-4,190,"OCT 21, 1990",28.0,7,"El Masnou, Spain",201937
2,1610612762,2018,00,Alec Burks,10,G,6-6,214,"JUL 20, 1991",27.0,7,Colorado,202692
3,1610612762,2018,00,Dante Exum,11,G,6-6,190,"JUL 13, 1995",23.0,3,,203957
4,1610612762,2018,00,Tony Bradley,13,C,6-10,248,"JAN 08, 1998",20.0,1,North Carolina,1628396
5,1610612762,2018,00,Derrick Favors,15,F-C,6-10,265,"JUL 15, 1991",27.0,8,Georgia Tech,202324
6,1610612762,2018,00,Thabo Sefolosha,22,F,6-7,220,"MAY 02, 1984",34.0,12,"Vevey, Switzerland",200757
7,1610612762,2018,00,Royce O'Neale,23,F,6-6,226,"JUN 05, 1993",25.0,1,Baylor,1626220
8,1610612762,2018,00,Grayson Allen,24,G,6-5,198,"OCT 08, 1995",23.0,R,Duke,1628960
9,1610612762,2018,00,Raul Neto,25,G,6-1,179,"MAY 19, 1992",26.0,3,,203526
10,1610612762,2018,00,Rudy Gobert,27,C,7-1,245,"JUN 26, 1992",26.0,5,France,203497
11,1610612762,2018,00,Naz Mitrou-Long,30,G,6-4,218,"AUG 03, 1993",25.0,1,Iowa State,1628513
12,1610612762,2018,00,Georges Niang,31,F,6-8,230,"JUN 17, 1993",25.0,2,Iowa State,1627777
13,1610612762,2018,00,Ekpe Udoh,33,C-F,6-10,245,"MAY 20, 1987",31.0,6,Baylor,202327
14,1610612762,2018,00,Tyler Cavanaugh,34,F,6-9,238,"FEB 09, 1994",24.0,1,George Washington,1628463
15,1610612762,2018,00,Donovan Mitchell,45,G,6-3,215,"SEP 07, 1996",22.0,1,Louisville,1628378
16,1610612762,2018,00,Jae Crowder,99,F,6-6,235,"JUL 06, 1990",28.0,6,Marquette,203109
0,1610612763,2018,00,JaMychal Green,0,F,6-9,227,"JUN 21, 1990",28.0,4,Alabama,203210
1,1610612763,2018,00,Kyle Anderson,1,F,6-9,230,"SEP 20, 1993",25.0,4,UCLA,203937
2,1610612763,2018,00,Jevon Carter,3,G,6-2,196,"SEP 14, 1995",23.0,R,West Virginia,1628975
3,1610612763,2018,00,Shelvin Mack,6,G,6-3,203,"APR 22, 1990",28.0,7,Butler,202714
4,1610612763,2018,00,Wayne Selden,7,G-F,6-5,230,"SEP 30, 1994",24.0,2,Kansas,1627782
5,1610612763,2018,00,MarShon Brooks,8,G,6-5,200,"JAN 26, 1989",29.0,4,Providence,202705
6,1610612763,2018,00,Ivan Rabb,10,F,6-10,220,"FEB 04, 1997",21.0,1,California,1628397
7,1610612763,2018,00,Mike Conley,11,G,6-1,175,"OCT 11, 1987",31.0,11,Ohio State,201144
8,1610612763,2018,00,Yuta Watanabe,12,G,6-9,205,"OCT 13, 1994",24.0,R,George Washington,1629139
9,1610612763,2018,00,Jaren Jackson Jr.,13,F-C,6-11,242,"SEP 15, 1999",19.0,R,Michigan State,1628991
10,1610612763,2018,00,Garrett Temple,17,G-F,6-6,195,"MAY 08, 1986",32.0,8,Louisiana State,202066
11,1610612763,2018,00,Omri Casspi,18,F,6-9,225,"JUN 22, 1988",30.0,9,"Yavne, Israel",201956
12,1610612763,2018,00,DJ Stephens,20,G-F,6-5,188,"DEC 19, 1990",27.0,1,Memphis,203474
13,1610612763,2018,00,Dillon Brooks,24,G-F,6-6,220,"JAN 22, 1996",22.0,1,Oregon,1628415
14,1610612763,2018,00,Chandler Parsons,25,F,6-10,230,"OCT 25, 1988",30.0,7,Florida,202718
15,1610612763,2018,00,Marc Gasol,33,C,7-1,255,"JAN 29, 1985",33.0,10,"Barcelona, Spain",201188
0,1610612764,2018,00,Austin Rivers,1,G,6-4,200,"AUG 01, 1992",26.0,6,Duke,203085
1,1610612764,2018,00,John Wall,2,G,6-4,210,"SEP 06, 1990",28.0,8,Kentucky,202322
2,1610612764,2018,00,Bradley Beal,3,G,6-5,207,"JUN 28, 1993",25.0,6,Florida,203078
3,1610612764,2018,00,Markieff Morris,5,F,6-10,245,"SEP 02, 1989",29.0,7,Kansas,202693
4,1610612764,2018,00,Troy Brown Jr.,6,F,6-7,215,"JUL 28, 1999",19.0,R,Oregon,1628972
5,1610612764,2018,00,Devin Robinson,7,F,6-8,200,"MAR 07, 1995",23.0,1,Florida,1628421
6,1610612764,2018,00,Chasson Randle,9,G,6-2,185,"FEB 05, 1993",25.0,1,Stanford,1626184
7,1610612764,2018,00,Kelly Oubre Jr.,12,F,6-7,205,"DEC 09, 1995",22.0,3,Kansas,1626162
8,1610612764,2018,00,Thomas Bryant,13,C,6-11,248,"JUL 31, 1997",21.0,1,Indiana,1628418
9,1610612764,2018,00,Jason Smith,14,F-C,7-0,240,"MAR 02, 1986",32.0,10,Colorado State,201160
10,1610612764,2018,00,Dwight Howard,21,C,6-11,265,"DEC 08, 1985",32.0,14,SW Atlanta Christian Academy (GA),2730
11,1610612764,2018,00,Otto Porter Jr.,22,F,6-8,198,"JUN 03, 1993",25.0,5,Georgetown,203490
12,1610612764,2018,00,Ian Mahinmi,28,C,6-11,262,"NOV 05, 1986",32.0,11,"Rouen, France",101133
13,1610612764,2018,00,Tomas Satoransky,31,G-F,6-7,210,"OCT 30, 1991",27.0,2,,203107
14,1610612764,2018,00,Jeff Green,32,F,6-9,235,"AUG 28, 1986",32.0,10,Georgetown,201145
15,1610612764,2018,00,Jordan McRae,52,G,6-5,179,"MAR 28, 1991",27.0,2,Tennessee,203895
0,1610612765,2018,00,Andre Drummond,0,C,6-11,279,"AUG 10, 1993",25.0,6,Connecticut,203083
1,1610612765,2018,00,Reggie Jackson,1,G,6-3,208,"APR 16, 1990",28.0,7,Boston College,202704
2,1610612765,2018,00,Luke Kennard,5,G,6-5,206,"JUN 24, 1996",22.0,1,Duke,1628379
3,1610612765,2018,00,Bruce Brown,6,G,6-5,202,"AUG 15, 1996",22.0,R,Miami (FL),1628971
4,1610612765,2018,00,Stanley Johnson,7,F,6-7,245,"MAY 29, 1996",22.0,3,Arizona,1626169
5,1610612765,2018,00,Henry Ellenson,8,F,6-11,245,"JAN 13, 1997",21.0,2,Marquette,1627740
6,1610612765,2018,00,Langston Galloway,9,G,6-2,200,"DEC 09, 1991",26.0,4,Saint Joseph's,204038
7,1610612765,2018,00,Keenan Evans,12,G,6-3,190,"AUG 23, 1996",22.0,R,,1629037
8,1610612765,2018,00,Khyri Thomas,13,G,6-3,210,"MAY 08, 1996",22.0,R,Creighton,1629017
9,1610612765,2018,00,Ish Smith,14,G,6-0,175,"JUL 05, 1988",30.0,8,Wake Forest,202397
10,1610612765,2018,00,Zach Lofton,18,G,6-4,180,"NOV 18, 1992",25.0,R,New Mexico State,1629155
11,1610612765,2018,00,Glenn Robinson III,22,G-F,6-6,222,"JAN 08, 1994",24.0,4,Michigan,203922
12,1610612765,2018,00,Blake Griffin,23,F,6-10,250,"MAR 16, 1989",29.0,8,Oklahoma,201933
13,1610612765,2018,00,Reggie Bullock,25,G-F,6-7,205,"MAR 16, 1991",27.0,5,North Carolina,203493
14,1610612765,2018,00,Zaza Pachulia,27,C,6-11,270,"FEB 10, 1984",34.0,15,"Tbilisi, Georgia",2585
15,1610612765,2018,00,Jon Leuer,30,F,6-10,228,"MAY 14, 1989",29.0,7,Wisconsin,202720
16,1610612765,2018,00,Jose Calderon,81,G,6-3,200,"SEP 28, 1981",37.0,13,"Villanueva de la Serena, Spain",101181
0,1610612766,2018,00,Miles Bridges,0,F,6-7,225,"MAR 21, 1998",20.0,R,Michigan State,1628970
1,1610612766,2018,00,Malik Monk,1,G,6-3,200,"FEB 04, 1998",20.0,1,Kentucky,1628370
2,1610612766,2018,00,Marvin Williams,2,F,6-9,237,"JUN 19, 1986",32.0,13,North Carolina,101107
3,1610612766,2018,00,Jeremy Lamb,3,G,6-5,185,"MAY 30, 1992",26.0,6,Connecticut,203087
4,1610612766,2018,00,Devonte' Graham,4,G,6-2,185,"FEB 22, 1995",23.0,R,Kansas,1628984
5,1610612766,2018,00,Nicolas Batum,5,F-G,6-8,200,"DEC 14, 1988",29.0,10,"Lisieux, France",201587
6,1610612766,2018,00,Dwayne Bacon,7,G-F,6-7,221,"AUG 30, 1995",23.0,1,Florida State,1628407
7,1610612766,2018,00,Bismack Biyombo,8,C,6-9,255,"AUG 28, 1992",26.0,7,"Lubumbashi, DR Congo",202687
8,1610612766,2018,00,Tony Parker,9,G,6-2,185,"MAY 17, 1982",36.0,17,"Paris, France",2225
9,1610612766,2018,00,Michael Kidd-Gilchrist,14,F,6-7,232,"SEP 26, 1993",25.0,6,Kentucky,203077
10,1610612766,2018,00,Kemba Walker,15,G,6-1,184,"MAY 08, 1990",28.0,7,Connecticut,202689
11,1610612766,2018,00,Joe Chealey,31,G,6-3,190,"NOV 01, 1995",23.0,R,Charleston (SC),1629147
12,1610612766,2018,00,Cody Zeller,40,C,7-0,240,"OCT 05, 1992",26.0,5,Indiana,203469
13,1610612766,2018,00,Willy Hernangomez,41,C,6-11,240,"MAY 27, 1994",24.0,3,Spain,1626195
14,1610612766,2018,00,Frank Kaminsky,44,F-C,7-0,242,"APR 04, 1993",25.0,3,Wisconsin,1626163
15,1610612766,2018,00,J.P. Macura,55,G,6-5,205,"JUN 05, 1995",23.0,R,Xavier (Ohio),1629122
